behavior_level1,behavior_level2,online_score,online_bucket,amount_preference,amount_volatility,active_hours,female_ratio_prior,age_young_adults_prior,age_middle_aged_adults_prior,age_older_adults_prior,education_primary_school_prior,education_junior_secondary_prior,education_senior_secondary_prior,education_junior_college_above_prior,occupation_top3_prior,occupation_industry_top3_prior,occupation_industry_distribution_prior,prior_basis
Specialized Consumer Medical and Care Services,Medical Aesthetics,0.22,strong_offline,high,high,"8,9,10,11,12,13,14,15,16,17,18,19",0.8,0.58,0.35,0.07,0.1,0.28,0.24,0.38,white_collar|student|self_employed,Education|Wholesale and Retail Trade|Leasing and Business Services,"Education:0.3333|Wholesale and Retail Trade:0.1111|Leasing and Business Services:0.1111|Resident Services, Repair and Other Services:0.1111|Financial Services:0.0833|Information Transmission, Software and Information Technology Services:0.0833|Scientific Research and Technical Services:0.0833|Public Administration, Social Security and Social Organizations:0.0833",behavior_level1 base;2024 online/offline retail anchor;beauty/female skew
Specialized Consumer Medical and Care Services,Dental Medical Services,0.22,strong_offline,high,high,"8,9,10,11,12,13,14,15,16,17,18,19",0.58,0.22,0.46,0.32,0.12,0.32,0.24,0.32,patient|family_caregiver|retiree,"Health and Social Work|Public Administration, Social Security and Social Organizations|Education","Health and Social Work:0.4444|Public Administration, Social Security and Social Organizations:0.4444|Education:0.1111",behavior_level1 base;2024 online/offline retail anchor;medical service
Specialized Consumer Medical and Care Services,Care Institution Services,0.22,strong_offline,high,medium,"8,9,10,11,12,13,14,15,16,17,18,19",0.58,0.22,0.46,0.32,0.12,0.32,0.24,0.32,patient|family_caregiver|retiree,"Health and Social Work|Public Administration, Social Security and Social Organizations|Education","Health and Social Work:0.4444|Public Administration, Social Security and Social Organizations:0.4444|Education:0.1111",behavior_level1 base;2024 online/offline retail anchor;medical service
Specialized Consumer Medical and Care Services,Ophthalmic Medical Services,0.22,strong_offline,high,high,"8,9,10,11,12,13,14,15,16,17,18,19",0.58,0.22,0.46,0.32,0.12,0.32,0.24,0.32,patient|family_caregiver|retiree,"Health and Social Work|Public Administration, Social Security and Social Organizations|Education","Health and Social Work:0.4444|Public Administration, Social Security and Social Organizations:0.4444|Education:0.1111",behavior_level1 base;2024 online/offline retail anchor;medical service
Specialized Consumer Medical and Care Services,Online Medical Services,0.78,strong_online,high,high,"8,9,10,11,12,13,14,15,16,17,18,19,20,21,22,23",0.56,0.36,0.46,0.18,0.08,0.25,0.24,0.43,patient|white_collar|family_caregiver,"Public Administration, Social Security and Social Organizations|Health and Social Work|Education","Public Administration, Social Security and Social Organizations:0.3611|Health and Social Work:0.2778|Education:0.1111|Financial Services:0.0833|Information Transmission, Software and Information Technology Services:0.0833|Scientific Research and Technical Services:0.0833",behavior_level1 base;2024 online/offline retail anchor;digital/online keyword;online medical
Household and Personal Goods Retail,Digital Electronics and Home Appliances,0.68,mixed_online,high,medium,"9,10,11,12,13,14,15,16,17,18,19,20,21,22",0.42,0.56,0.34,0.1,0.08,0.24,0.24,0.44,white_collar|student|digital_worker,"Education|Information Transmission, Software and Information Technology Services|Scientific Research and Technical Services","Education:0.3333|Information Transmission, Software and Information Technology Services:0.2500|Scientific Research and Technical Services:0.2500|Financial Services:0.0833|Public Administration, Social Security and Social Organizations:0.0833",behavior_level1 base;2024 online/offline retail anchor;electronics/office
Household and Personal Goods Retail,Office Supplies,0.68,mixed_online,medium,medium,"9,10,11,12,13,14,15,16,17,18,19,20,21,22",0.42,0.56,0.34,0.1,0.08,0.24,0.24,0.44,white_collar|student|digital_worker,"Education|Information Transmission, Software and Information Technology Services|Scientific Research and Technical Services","Education:0.3333|Information Transmission, Software and Information Technology Services:0.2500|Scientific Research and Technical Services:0.2500|Financial Services:0.0833|Public Administration, Social Security and Social Organizations:0.0833",behavior_level1 base;2024 online/offline retail anchor;electronics/office
Household and Personal Goods Retail,Pets and Pet Supplies,0.55,mixed_online,medium,medium,"9,10,11,12,13,14,15,16,17,18,19,20,21,22",0.58,0.48,0.4,0.12,0.1,0.28,0.25,0.37,white_collar|family_consumer|student,"Education|Public Administration, Social Security and Social Organizations|Financial Services","Education:0.4167|Public Administration, Social Security and Social Organizations:0.1667|Financial Services:0.0833|Information Transmission, Software and Information Technology Services:0.0833|Scientific Research and Technical Services:0.0833|Health and Social Work:0.0833|Wholesale and Retail Trade:0.0833",behavior_level1 base;2024 online/offline retail anchor;pet economy
Household and Personal Goods Retail,Mother and Baby Products and Children's Toys,0.55,mixed_online,medium,medium,"9,10,11,12,13,14,15,16,17,18,19,20,21,22",0.68,0.18,0.7,0.12,0.1,0.28,0.24,0.38,parent|teacher|family_consumer,"Education|Health and Social Work|Public Administration, Social Security and Social Organizations","Education:0.5278|Health and Social Work:0.1944|Public Administration, Social Security and Social Organizations:0.1944|Wholesale and Retail Trade:0.0833",behavior_level1 base;2024 online/offline retail anchor;parent/child spending
Household and Personal Goods Retail,Beauty and Personal Care,0.55,mixed_online,medium,medium,"9,10,11,12,13,14,15,16,17,18,19,20,21,22",0.76,0.58,0.35,0.07,0.1,0.28,0.24,0.38,white_collar|student|self_employed,Education|Wholesale and Retail Trade|Leasing and Business Services,"Education:0.3333|Wholesale and Retail Trade:0.1111|Leasing and Business Services:0.1111|Resident Services, Repair and Other Services:0.1111|Financial Services:0.0833|Information Transmission, Software and Information Technology Services:0.0833|Scientific Research and Technical Services:0.0833|Public Administration, Social Security and Social Organizations:0.0833",behavior_level1 base;2024 online/offline retail anchor;beauty/female skew
Household and Personal Goods Retail,Flowers and Green Plants,0.55,mixed_online,medium,high,"9,10,11,12,13,14,15,16,17,18,19,20,21,22",0.6,0.48,0.42,0.1,0.1,0.28,0.25,0.37,white_collar|family_consumer|self_employed,"Wholesale and Retail Trade|Public Administration, Social Security and Social Organizations|Leasing and Business Services","Wholesale and Retail Trade:0.1944|Public Administration, Social Security and Social Organizations:0.1667|Leasing and Business Services:0.1111|Resident Services, Repair and Other Services:0.1111|Financial Services:0.0833|Information Transmission, Software and Information Technology Services:0.0833|Scientific Research and Technical Services:0.0833|Education:0.0833|Health and Social Work:0.0833",behavior_level1 base;2024 online/offline retail anchor;occasion/lifestyle
Housing Payments and Home Improvement Services,Hardware and Building Materials,0.32,strong_offline,high,medium,"8,9,10,11,12,13,14,15,16,17,18,19,20,21",0.48,0.16,0.58,0.26,0.12,0.34,0.24,0.3,home_owner|family_consumer|self_employed,"Resident Services, Repair and Other Services|Wholesale and Retail Trade|Real Estate","Resident Services, Repair and Other Services:0.2222|Wholesale and Retail Trade:0.1944|Real Estate:0.1111|Construction:0.1111|Leasing and Business Services:0.1111|Education:0.0833|Health and Social Work:0.0833|Public Administration, Social Security and Social Organizations:0.0833",behavior_level1 base;2024 online/offline retail anchor;home/property
Housing Payments and Home Improvement Services,Utility Bill Payments,0.32,strong_offline,high,medium,"8,9,10,11,12,13,14,15,16,17,18,19,20,21",0.5,0.18,0.57,0.25,0.14,0.34,0.24,0.28,home_owner|family_consumer|self_employed,"Resident Services, Repair and Other Services|Wholesale and Retail Trade|Real Estate","Resident Services, Repair and Other Services:0.2222|Wholesale and Retail Trade:0.1944|Real Estate:0.1111|Construction:0.1111|Leasing and Business Services:0.1111|Education:0.0833|Health and Social Work:0.0833|Public Administration, Social Security and Social Organizations:0.0833",behavior_level1 base;2024 online/offline retail anchor
Housing Payments and Home Improvement Services,Real Estate and Housing Agency,0.32,strong_offline,high,medium,"8,9,10,11,12,13,14,15,16,17,18,19,20,21",0.48,0.16,0.58,0.26,0.12,0.34,0.24,0.3,home_owner|family_consumer|self_employed,"Resident Services, Repair and Other Services|Wholesale and Retail Trade|Real Estate","Resident Services, Repair and Other Services:0.2222|Wholesale and Retail Trade:0.1944|Real Estate:0.1111|Construction:0.1111|Leasing and Business Services:0.1111|Education:0.0833|Health and Social Work:0.0833|Public Administration, Social Security and Social Organizations:0.0833",behavior_level1 base;2024 online/offline retail anchor;home/property
Housing Payments and Home Improvement Services,Home Furnishings and Textiles,0.32,strong_offline,high,medium,"8,9,10,11,12,13,14,15,16,17,18,19,20,21",0.52,0.16,0.58,0.26,0.12,0.34,0.24,0.3,home_owner|family_consumer|self_employed,"Resident Services, Repair and Other Services|Wholesale and Retail Trade|Real Estate","Resident Services, Repair and Other Services:0.2222|Wholesale and Retail Trade:0.1944|Real Estate:0.1111|Construction:0.1111|Leasing and Business Services:0.1111|Education:0.0833|Health and Social Work:0.0833|Public Administration, Social Security and Social Organizations:0.0833",behavior_level1 base;2024 online/offline retail anchor;home/property
Housing Payments and Home Improvement Services,Building Decoration and Renovation Services,0.32,strong_offline,high,medium,"8,9,10,11,12,13,14,15,16,17,18,19,20,21",0.48,0.16,0.58,0.26,0.12,0.34,0.24,0.3,home_owner|family_consumer|self_employed,"Resident Services, Repair and Other Services|Wholesale and Retail Trade|Real Estate","Resident Services, Repair and Other Services:0.2222|Wholesale and Retail Trade:0.1944|Real Estate:0.1111|Construction:0.1111|Leasing and Business Services:0.1111|Education:0.0833|Health and Social Work:0.0833|Public Administration, Social Security and Social Organizations:0.0833",behavior_level1 base;2024 online/offline retail anchor;home/property
Housing Payments and Home Improvement Services,Property Management,0.32,strong_offline,high,medium,"8,9,10,11,12,13,14,15,16,17,18,19,20,21",0.48,0.16,0.58,0.26,0.12,0.34,0.24,0.3,home_owner|family_consumer|self_employed,"Resident Services, Repair and Other Services|Wholesale and Retail Trade|Real Estate","Resident Services, Repair and Other Services:0.2222|Wholesale and Retail Trade:0.1944|Real Estate:0.1111|Construction:0.1111|Leasing and Business Services:0.1111|Education:0.0833|Health and Social Work:0.0833|Public Administration, Social Security and Social Organizations:0.0833",behavior_level1 base;2024 online/offline retail anchor;home/property
Housing Payments and Home Improvement Services,"Appliance, Furniture and Other Repair Services",0.32,strong_offline,medium,medium,"8,9,10,11,12,13,14,15,16,17,18,19,20,21",0.48,0.16,0.58,0.26,0.12,0.34,0.24,0.3,home_owner|family_consumer|self_employed,"Resident Services, Repair and Other Services|Wholesale and Retail Trade|Real Estate","Resident Services, Repair and Other Services:0.2222|Wholesale and Retail Trade:0.1944|Real Estate:0.1111|Construction:0.1111|Leasing and Business Services:0.1111|Education:0.0833|Health and Social Work:0.0833|Public Administration, Social Security and Social Organizations:0.0833",behavior_level1 base;2024 online/offline retail anchor;home/property
Education Payments and Training Services,Primary and Secondary Education,0.42,mixed_offline,high,medium,"8,9,10,11,12,13,14,15,16,17,18,19,20,21",0.54,0.18,0.66,0.16,0.08,0.24,0.25,0.43,parent|student|teacher,"Education|Health and Social Work|Public Administration, Social Security and Social Organizations","Education:0.7778|Health and Social Work:0.1111|Public Administration, Social Security and Social Organizations:0.1111",behavior_level1 base;2024 online/offline retail anchor;education/training
Education Payments and Training Services,Other Education and Training,0.42,mixed_offline,high,medium,"8,9,10,11,12,13,14,15,16,17,18,19,20,21",0.54,0.18,0.66,0.16,0.08,0.24,0.25,0.43,parent|student|teacher,"Education|Health and Social Work|Public Administration, Social Security and Social Organizations","Education:0.7778|Health and Social Work:0.1111|Public Administration, Social Security and Social Organizations:0.1111",behavior_level1 base;2024 online/offline retail anchor;education/training
Education Payments and Training Services,Preschool Care Services,0.42,mixed_offline,medium,medium,"8,9,10,11,12,13,14,15,16,17,18,19,20,21",0.68,0.18,0.7,0.12,0.1,0.28,0.24,0.38,parent|teacher|family_consumer,"Education|Health and Social Work|Public Administration, Social Security and Social Organizations","Education:0.5278|Health and Social Work:0.1944|Public Administration, Social Security and Social Organizations:0.1944|Wholesale and Retail Trade:0.0833",behavior_level1 base;2024 online/offline retail anchor;parent/child spending
Education Payments and Training Services,Youth Palace and Development Center,0.42,mixed_offline,medium,medium,"8,9,10,11,12,13,14,15,16,17,18,19,20,21",0.68,0.18,0.7,0.12,0.1,0.28,0.24,0.38,parent|teacher|family_consumer,"Education|Health and Social Work|Public Administration, Social Security and Social Organizations","Education:0.5278|Health and Social Work:0.1944|Public Administration, Social Security and Social Organizations:0.1944|Wholesale and Retail Trade:0.0833",behavior_level1 base;2024 online/offline retail anchor;parent/child spending
Education Payments and Training Services,Higher Education,0.42,mixed_offline,high,medium,"8,9,10,11,12,13,14,15,16,17,18,19,20,21",0.54,0.46,0.42,0.12,0.04,0.18,0.24,0.54,student|parent|teacher,"Education|Health and Social Work|Public Administration, Social Security and Social Organizations","Education:0.7778|Health and Social Work:0.1111|Public Administration, Social Security and Social Organizations:0.1111",behavior_level1 base;2024 online/offline retail anchor;higher education
Apparel and General Shopping,Commercial Street Retail,0.6,mixed_online,medium,medium,"10,11,12,13,14,15,16,17,18,19,20,21,22",0.56,0.56,0.34,0.1,0.12,0.3,0.23,0.35,white_collar|student|family_consumer,"Education|Public Administration, Social Security and Social Organizations|Financial Services","Education:0.4167|Public Administration, Social Security and Social Organizations:0.1667|Financial Services:0.0833|Information Transmission, Software and Information Technology Services:0.0833|Scientific Research and Technical Services:0.0833|Health and Social Work:0.0833|Wholesale and Retail Trade:0.0833",behavior_level1 base;2024 online/offline retail anchor;fashion/shopping
Apparel and General Shopping,Outlet Shopping,0.6,mixed_online,medium,medium,"10,11,12,13,14,15,16,17,18,19,20,21,22",0.56,0.56,0.34,0.1,0.12,0.3,0.23,0.35,white_collar|student|family_consumer,"Education|Public Administration, Social Security and Social Organizations|Financial Services","Education:0.4167|Public Administration, Social Security and Social Organizations:0.1667|Financial Services:0.0833|Information Transmission, Software and Information Technology Services:0.0833|Scientific Research and Technical Services:0.0833|Health and Social Work:0.0833|Wholesale and Retail Trade:0.0833",behavior_level1 base;2024 online/offline retail anchor;fashion/shopping
Apparel and General Shopping,"Apparel, Footwear and Bags",0.6,mixed_online,medium,medium,"10,11,12,13,14,15,16,17,18,19,20,21,22",0.62,0.56,0.34,0.1,0.12,0.3,0.23,0.35,white_collar|student|family_consumer,"Education|Public Administration, Social Security and Social Organizations|Financial Services","Education:0.4167|Public Administration, Social Security and Social Organizations:0.1667|Financial Services:0.0833|Information Transmission, Software and Information Technology Services:0.0833|Scientific Research and Technical Services:0.0833|Health and Social Work:0.0833|Wholesale and Retail Trade:0.0833",behavior_level1 base;2024 online/offline retail anchor;fashion/shopping
Apparel and General Shopping,Department Store,0.6,mixed_online,medium,medium,"10,11,12,13,14,15,16,17,18,19,20,21,22",0.56,0.56,0.34,0.1,0.12,0.3,0.23,0.35,white_collar|student|family_consumer,"Education|Public Administration, Social Security and Social Organizations|Financial Services","Education:0.4167|Public Administration, Social Security and Social Organizations:0.1667|Financial Services:0.0833|Information Transmission, Software and Information Technology Services:0.0833|Scientific Research and Technical Services:0.0833|Health and Social Work:0.0833|Wholesale and Retail Trade:0.0833",behavior_level1 base;2024 online/offline retail anchor;fashion/shopping
Apparel and General Shopping,Shopping Mall,0.6,mixed_online,medium,medium,"10,11,12,13,14,15,16,17,18,19,20,21,22",0.56,0.56,0.34,0.1,0.12,0.3,0.23,0.35,white_collar|student|family_consumer,"Education|Public Administration, Social Security and Social Organizations|Financial Services","Education:0.4167|Public Administration, Social Security and Social Organizations:0.1667|Financial Services:0.0833|Information Transmission, Software and Information Technology Services:0.0833|Scientific Research and Technical Services:0.0833|Health and Social Work:0.0833|Wholesale and Retail Trade:0.0833",behavior_level1 base;2024 online/offline retail anchor;fashion/shopping
Local Lifestyle and Self-Service Sharing,Pet Hospital and Other Pet Services,0.2,strong_offline,medium,medium,"8,9,10,11,12,13,14,15,16,17,18,19,20,21,22",0.58,0.48,0.4,0.12,0.1,0.28,0.25,0.37,white_collar|family_consumer|student,"Education|Public Administration, Social Security and Social Organizations|Financial Services","Education:0.4167|Public Administration, Social Security and Social Organizations:0.1667|Financial Services:0.0833|Information Transmission, Software and Information Technology Services:0.0833|Scientific Research and Technical Services:0.0833|Health and Social Work:0.0833|Wholesale and Retail Trade:0.0833",behavior_level1 base;2024 online/offline retail anchor;medical service;pet economy
Local Lifestyle and Self-Service Sharing,Housekeeping and Cleaning Services,0.2,strong_offline,medium,medium,"8,9,10,11,12,13,14,15,16,17,18,19,20,21",0.55,0.42,0.42,0.16,0.2,0.38,0.22,0.2,family_consumer|service_worker|white_collar,"Wholesale and Retail Trade|Public Administration, Social Security and Social Organizations|Accommodation and Food Services","Wholesale and Retail Trade:0.1944|Public Administration, Social Security and Social Organizations:0.1667|Accommodation and Food Services:0.1111|Resident Services, Repair and Other Services:0.1111|Education:0.0833|Health and Social Work:0.0833|Financial Services:0.0833|Information Transmission, Software and Information Technology Services:0.0833|Scientific Research and Technical Services:0.0833",behavior_level1 base;2024 online/offline retail anchor
Local Lifestyle and Self-Service Sharing,Digital and Entertainment Equipment Rental,0.68,mixed_online,medium,high,"8,9,10,11,12,13,14,15,16,17,18,19,20,21,22",0.42,0.56,0.34,0.1,0.08,0.24,0.24,0.44,white_collar|student|digital_worker,"Education|Information Transmission, Software and Information Technology Services|Scientific Research and Technical Services","Education:0.3333|Information Transmission, Software and Information Technology Services:0.2500|Scientific Research and Technical Services:0.2500|Financial Services:0.0833|Public Administration, Social Security and Social Organizations:0.0833",behavior_level1 base;2024 online/offline retail anchor;electronics/office
Local Lifestyle and Self-Service Sharing,"Bathing, Wellness and Health Services",0.2,strong_offline,low_to_medium,medium,"8,9,10,11,12,13,14,15,16,17,18,19,20,21,22",0.55,0.24,0.42,0.34,0.16,0.36,0.23,0.25,family_caregiver|retiree|white_collar,"Public Administration, Social Security and Social Organizations|Health and Social Work|Education","Public Administration, Social Security and Social Organizations:0.3611|Health and Social Work:0.2778|Education:0.1111|Financial Services:0.0833|Information Transmission, Software and Information Technology Services:0.0833|Scientific Research and Technical Services:0.0833",behavior_level1 base;2024 online/offline retail anchor;health retail
Local Lifestyle and Self-Service Sharing,"Hair, Beauty and Nail Services",0.2,strong_offline,low_to_medium,high,"8,9,10,11,12,13,14,15,16,17,18,19,20,21",0.76,0.58,0.35,0.07,0.1,0.28,0.24,0.38,white_collar|student|self_employed,Education|Wholesale and Retail Trade|Leasing and Business Services,"Education:0.3333|Wholesale and Retail Trade:0.1111|Leasing and Business Services:0.1111|Resident Services, Repair and Other Services:0.1111|Financial Services:0.0833|Information Transmission, Software and Information Technology Services:0.0833|Scientific Research and Technical Services:0.0833|Public Administration, Social Security and Social Organizations:0.0833",behavior_level1 base;2024 online/offline retail anchor;beauty/female skew
Local Lifestyle and Self-Service Sharing,Self-Service Sharing Services,0.2,strong_offline,medium,medium,"8,9,10,11,12,13,14,15,16,17,18,19,20,21,22",0.55,0.42,0.42,0.16,0.2,0.38,0.22,0.2,family_consumer|service_worker|white_collar,"Wholesale and Retail Trade|Public Administration, Social Security and Social Organizations|Accommodation and Food Services","Wholesale and Retail Trade:0.1944|Public Administration, Social Security and Social Organizations:0.1667|Accommodation and Food Services:0.1111|Resident Services, Repair and Other Services:0.1111|Education:0.0833|Health and Social Work:0.0833|Financial Services:0.0833|Information Transmission, Software and Information Technology Services:0.0833|Scientific Research and Technical Services:0.0833",behavior_level1 base;2024 online/offline retail anchor
Local Commuting and On-Demand Travel,Designated Driving and Parking Services,0.15,strong_offline,low_to_medium,low_to_medium,"6,7,8,9,10,17,18,19,20,21,22,23,0",0.35,0.32,0.52,0.16,0.14,0.36,0.24,0.26,driver|self_employed|business_traveler,"Transport, Storage and Postal Services|Leasing and Business Services|Construction","Transport, Storage and Postal Services:0.2222|Leasing and Business Services:0.2222|Construction:0.1111|Manufacturing:0.1111|Wholesale and Retail Trade:0.1111|Resident Services, Repair and Other Services:0.1111|Financial Services:0.1111",behavior_level1 base;2024 online/offline retail anchor;vehicle/male-skew
Local Commuting and On-Demand Travel,Shared Two-Wheel Mobility Services,0.18,strong_offline,low,low,"6,7,8,9,10,17,18,19,20,21",0.48,0.58,0.32,0.1,0.16,0.36,0.23,0.25,commuter|student|white_collar,Education|Manufacturing|Construction,"Education:0.3333|Manufacturing:0.1111|Construction:0.1111|Transport, Storage and Postal Services:0.1111|Financial Services:0.0833|Information Transmission, Software and Information Technology Services:0.0833|Scientific Research and Technical Services:0.0833|Public Administration, Social Security and Social Organizations:0.0833",behavior_level1 base;2024 online/offline retail anchor;daily commute
Local Commuting and On-Demand Travel,On-Demand Ride-Hailing,0.4,mixed_offline,low_to_medium,medium,"6,7,8,9,10,17,18,19,20,21",0.48,0.52,0.38,0.1,0.16,0.36,0.23,0.25,commuter|white_collar|tourist,"Transport, Storage and Postal Services|Manufacturing|Construction","Transport, Storage and Postal Services:0.2222|Manufacturing:0.1111|Construction:0.1111|Accommodation and Food Services:0.1111|Culture, Sports and Entertainment:0.1111|Financial Services:0.0833|Information Transmission, Software and Information Technology Services:0.0833|Scientific Research and Technical Services:0.0833|Public Administration, Social Security and Social Organizations:0.0833",behavior_level1 base;2024 online/offline retail anchor;ride hailing
Local Commuting and On-Demand Travel,Urban Public Transport,0.18,strong_offline,low,low,"6,7,8,9,10,17,18,19,20,21",0.48,0.58,0.32,0.1,0.16,0.36,0.23,0.25,commuter|student|white_collar,Education|Manufacturing|Construction,"Education:0.3333|Manufacturing:0.1111|Construction:0.1111|Transport, Storage and Postal Services:0.1111|Financial Services:0.0833|Information Transmission, Software and Information Technology Services:0.0833|Scientific Research and Technical Services:0.0833|Public Administration, Social Security and Social Organizations:0.0833",behavior_level1 base;2024 online/offline retail anchor;daily commute
Online Entertainment and Hobby Spending,Gaming,0.84,strong_online,low_to_medium,high,"12,13,14,15,16,17,18,19,20,21,22,23,0,1,2,3",0.35,0.76,0.2,0.04,0.08,0.28,0.26,0.38,student|gamer|white_collar,"Education|Information Transmission, Software and Information Technology Services|Culture, Sports and Entertainment","Education:0.3333|Information Transmission, Software and Information Technology Services:0.2500|Culture, Sports and Entertainment:0.1667|Financial Services:0.0833|Scientific Research and Technical Services:0.0833|Public Administration, Social Security and Social Organizations:0.0833",behavior_level1 base;2024 online/offline retail anchor;game/youth male-skew
Online Entertainment and Hobby Spending,Gaming Transactions and Related Services,0.84,strong_online,low_to_medium,high,"12,13,14,15,16,17,18,19,20,21,22,23,0,1,2,3,4,5",0.35,0.76,0.2,0.04,0.08,0.28,0.26,0.38,student|gamer|white_collar,"Education|Information Transmission, Software and Information Technology Services|Culture, Sports and Entertainment","Education:0.3333|Information Transmission, Software and Information Technology Services:0.2500|Culture, Sports and Entertainment:0.1667|Financial Services:0.0833|Scientific Research and Technical Services:0.0833|Public Administration, Social Security and Social Organizations:0.0833",behavior_level1 base;2024 online/offline retail anchor;game/youth male-skew
Online Entertainment and Hobby Spending,"Online Video, Audio and Reading",0.88,strong_online,low_to_medium,high,"10,11,12,13,14,15,16,17,18,19,20,21,22,23,0,1,2,3,4,5",0.5,0.72,0.23,0.05,0.06,0.22,0.24,0.48,student|white_collar|content_consumer,"Education|Information Transmission, Software and Information Technology Services|Culture, Sports and Entertainment","Education:0.3333|Information Transmission, Software and Information Technology Services:0.2500|Culture, Sports and Entertainment:0.1667|Financial Services:0.0833|Scientific Research and Technical Services:0.0833|Public Administration, Social Security and Social Organizations:0.0833",behavior_level1 base;2024 online/offline retail anchor;digital/online keyword;online content
Online Entertainment and Hobby Spending,Live Streaming,0.88,strong_online,low_to_medium,high,"10,11,12,13,14,15,16,17,18,19,20,21,22,23,0,1,2,3,4,5",0.5,0.72,0.23,0.05,0.06,0.22,0.24,0.48,student|white_collar|content_consumer,"Education|Information Transmission, Software and Information Technology Services|Culture, Sports and Entertainment","Education:0.3333|Information Transmission, Software and Information Technology Services:0.2500|Culture, Sports and Entertainment:0.1667|Financial Services:0.0833|Scientific Research and Technical Services:0.0833|Public Administration, Social Security and Social Organizations:0.0833",behavior_level1 base;2024 online/offline retail anchor;digital/online keyword;online content
Online Entertainment and Hobby Spending,Online Social Networking,0.88,strong_online,low_to_medium,high,"10,11,12,13,14,15,16,17,18,19,20,21,22,23",0.5,0.72,0.23,0.05,0.06,0.22,0.24,0.48,student|white_collar|content_consumer,"Education|Information Transmission, Software and Information Technology Services|Culture, Sports and Entertainment","Education:0.3333|Information Transmission, Software and Information Technology Services:0.2500|Culture, Sports and Entertainment:0.1667|Financial Services:0.0833|Scientific Research and Technical Services:0.0833|Public Administration, Social Security and Social Organizations:0.0833",behavior_level1 base;2024 online/offline retail anchor;digital/online keyword;online content
"Offline Culture, Sports and Entertainment",KTV and Leisure Clubs,0.22,strong_offline,medium,high,"18,19,20,21,22,23,0,1",0.45,0.68,0.26,0.06,0.12,0.32,0.24,0.32,student|white_collar|service_worker,"Education|Accommodation and Food Services|Resident Services, Repair and Other Services","Education:0.3333|Accommodation and Food Services:0.1111|Resident Services, Repair and Other Services:0.1111|Wholesale and Retail Trade:0.1111|Financial Services:0.0833|Information Transmission, Software and Information Technology Services:0.0833|Scientific Research and Technical Services:0.0833|Public Administration, Social Security and Social Organizations:0.0833",behavior_level1 base;2024 online/offline retail anchor;night entertainment
"Offline Culture, Sports and Entertainment","Fitness, Yoga and Dance",0.22,strong_offline,medium,medium,"9,10,11,12,13,14,15,16,17,18,19,20,21",0.52,0.62,0.32,0.06,0.1,0.28,0.24,0.38,white_collar|student|fitness_enthusiast,"Education|Culture, Sports and Entertainment|Health and Social Work","Education:0.3333|Culture, Sports and Entertainment:0.1667|Health and Social Work:0.1667|Financial Services:0.0833|Information Transmission, Software and Information Technology Services:0.0833|Scientific Research and Technical Services:0.0833|Public Administration, Social Security and Social Organizations:0.0833",behavior_level1 base;2024 online/offline retail anchor;sports/fitness
"Offline Culture, Sports and Entertainment","Books, Media, Arts and Musical Instruments",0.22,strong_offline,low_to_medium,medium,"9,10,11,12,13,14,15,16,17,18,19,20,21,22",0.5,0.56,0.34,0.1,0.1,0.28,0.24,0.38,student|white_collar|family_consumer,"Education|Public Administration, Social Security and Social Organizations|Financial Services","Education:0.4167|Public Administration, Social Security and Social Organizations:0.1667|Financial Services:0.0833|Information Transmission, Software and Information Technology Services:0.0833|Scientific Research and Technical Services:0.0833|Health and Social Work:0.0833|Wholesale and Retail Trade:0.0833",behavior_level1 base;2024 online/offline retail anchor;culture/entertainment
"Offline Culture, Sports and Entertainment","Cinema, Performances and Events",0.22,strong_offline,low_to_medium,medium,"9,10,11,12,13,14,15,16,17,18,19,20,21,22,23",0.5,0.56,0.34,0.1,0.1,0.28,0.24,0.38,student|white_collar|family_consumer,"Education|Public Administration, Social Security and Social Organizations|Financial Services","Education:0.4167|Public Administration, Social Security and Social Organizations:0.1667|Financial Services:0.0833|Information Transmission, Software and Information Technology Services:0.0833|Scientific Research and Technical Services:0.0833|Health and Social Work:0.0833|Wholesale and Retail Trade:0.0833",behavior_level1 base;2024 online/offline retail anchor;culture/entertainment
"Offline Culture, Sports and Entertainment",Outdoor Sports Equipment,0.22,strong_offline,medium,medium,"9,10,11,12,13,14,15,16,17,18,19,20",0.52,0.62,0.32,0.06,0.1,0.28,0.24,0.38,white_collar|student|fitness_enthusiast,"Education|Culture, Sports and Entertainment|Health and Social Work","Education:0.3333|Culture, Sports and Entertainment:0.1667|Health and Social Work:0.1667|Financial Services:0.0833|Information Transmission, Software and Information Technology Services:0.0833|Scientific Research and Technical Services:0.0833|Public Administration, Social Security and Social Organizations:0.0833",behavior_level1 base;2024 online/offline retail anchor;sports/fitness
"Offline Culture, Sports and Entertainment",Cultural and Sports Venues,0.22,strong_offline,low_to_medium,medium,"9,10,11,12,13,14,15,16,17,18,19,20,21",0.5,0.56,0.34,0.1,0.1,0.28,0.24,0.38,student|white_collar|family_consumer,"Education|Public Administration, Social Security and Social Organizations|Financial Services","Education:0.4167|Public Administration, Social Security and Social Organizations:0.1667|Financial Services:0.0833|Information Transmission, Software and Information Technology Services:0.0833|Scientific Research and Technical Services:0.0833|Health and Social Work:0.0833|Wholesale and Retail Trade:0.0833",behavior_level1 base;2024 online/offline retail anchor;culture/entertainment
"Offline Culture, Sports and Entertainment","Board Games, Table Games and Gaming Cafes",0.28,strong_offline,low_to_medium,high,"12,13,14,15,16,17,18,19,20,21,22,23",0.35,0.76,0.2,0.04,0.08,0.28,0.26,0.38,student|gamer|white_collar,"Education|Information Transmission, Software and Information Technology Services|Culture, Sports and Entertainment","Education:0.3333|Information Transmission, Software and Information Technology Services:0.2500|Culture, Sports and Entertainment:0.1667|Financial Services:0.0833|Scientific Research and Technical Services:0.0833|Public Administration, Social Security and Social Organizations:0.0833",behavior_level1 base;2024 online/offline retail anchor;game/youth male-skew
"Offline Culture, Sports and Entertainment",Amusement Parks and Carnivals,0.22,strong_offline,medium,high,"8,9,10,11,12,13,14,15,16,17,18,19,20,21",0.5,0.46,0.4,0.14,0.12,0.3,0.24,0.34,tourist|family_consumer|student,"Education|Accommodation and Food Services|Transport, Storage and Postal Services","Education:0.4167|Accommodation and Food Services:0.1111|Transport, Storage and Postal Services:0.1111|Culture, Sports and Entertainment:0.1111|Health and Social Work:0.0833|Public Administration, Social Security and Social Organizations:0.0833|Wholesale and Retail Trade:0.0833",behavior_level1 base;2024 online/offline retail anchor;offline attraction
General Clinical Care and Health Management,Health Examinations and Consultations,0.28,strong_offline,low_to_medium,low,"8,9,10,11,12,13,14,15,16,17,18",0.54,0.22,0.46,0.32,0.12,0.32,0.24,0.32,patient|family_caregiver|retiree,"Health and Social Work|Public Administration, Social Security and Social Organizations|Education","Health and Social Work:0.4444|Public Administration, Social Security and Social Organizations:0.4444|Education:0.1111",behavior_level1 base;2024 online/offline retail anchor;medical service
General Clinical Care and Health Management,Public Primary Medical Care,0.28,strong_offline,medium,medium,"8,9,10,11,12,13,14,15,16,17,18",0.52,0.18,0.42,0.4,0.18,0.38,0.22,0.22,patient|retiree|family_caregiver,"Health and Social Work|Public Administration, Social Security and Social Organizations|Education","Health and Social Work:0.4444|Public Administration, Social Security and Social Organizations:0.4444|Education:0.1111",behavior_level1 base;2024 online/offline retail anchor
General Clinical Care and Health Management,Medical Laboratories and Diagnostic Centers,0.28,strong_offline,high,high,"8,9,10,11,12,13,14,15,16,17,18",0.54,0.22,0.46,0.32,0.12,0.32,0.24,0.32,patient|family_caregiver|retiree,"Health and Social Work|Public Administration, Social Security and Social Organizations|Education","Health and Social Work:0.4444|Public Administration, Social Security and Social Organizations:0.4444|Education:0.1111",behavior_level1 base;2024 online/offline retail anchor;medical service
General Clinical Care and Health Management,Private Hospital,0.28,strong_offline,low_to_medium,high,"8,9,10,11,12,13,14,15,16,17,18",0.54,0.22,0.46,0.32,0.12,0.32,0.24,0.32,patient|family_caregiver|retiree,"Health and Social Work|Public Administration, Social Security and Social Organizations|Education","Health and Social Work:0.4444|Public Administration, Social Security and Social Organizations:0.4444|Education:0.1111",behavior_level1 base;2024 online/offline retail anchor;medical service
General Clinical Care and Health Management,Clinics and Independent Practitioners,0.28,strong_offline,low_to_medium,medium,"8,9,10,11,12,13,14,15,16,17,18",0.54,0.22,0.46,0.32,0.12,0.32,0.24,0.32,patient|family_caregiver|retiree,"Health and Social Work|Public Administration, Social Security and Social Organizations|Education","Health and Social Work:0.4444|Public Administration, Social Security and Social Organizations:0.4444|Education:0.1111",behavior_level1 base;2024 online/offline retail anchor;medical service
"Pharmaceutical, Medical Device and Health Retail",Health and Assistive Therapy Equipment,0.42,mixed_offline,medium,medium,"8,9,10,11,12,13,14,15,16,17,18,19,20,21",0.55,0.24,0.34,0.42,0.16,0.36,0.23,0.25,family_caregiver|retiree|white_collar,"Public Administration, Social Security and Social Organizations|Health and Social Work|Education","Public Administration, Social Security and Social Organizations:0.3611|Health and Social Work:0.2778|Education:0.1111|Financial Services:0.0833|Information Transmission, Software and Information Technology Services:0.0833|Scientific Research and Technical Services:0.0833",behavior_level1 base;2024 online/offline retail anchor;health retail
"Pharmaceutical, Medical Device and Health Retail",Medical Device Sales,0.42,mixed_offline,high,high,"8,9,10,11,12,13,14,15,16,17,18,19,20,21",0.55,0.24,0.42,0.34,0.16,0.36,0.23,0.25,family_caregiver|retiree|white_collar,"Public Administration, Social Security and Social Organizations|Health and Social Work|Education","Public Administration, Social Security and Social Organizations:0.3611|Health and Social Work:0.2778|Education:0.1111|Financial Services:0.0833|Information Transmission, Software and Information Technology Services:0.0833|Scientific Research and Technical Services:0.0833",behavior_level1 base;2024 online/offline retail anchor;health retail
"Pharmaceutical, Medical Device and Health Retail",Pharmaceutical Sales,0.42,mixed_offline,low_to_medium,medium,"8,9,10,11,12,13,14,15,16,17,18,19,20,21",0.55,0.24,0.42,0.34,0.16,0.36,0.23,0.25,family_caregiver|retiree|white_collar,"Public Administration, Social Security and Social Organizations|Health and Social Work|Education","Public Administration, Social Security and Social Organizations:0.3611|Health and Social Work:0.2778|Education:0.1111|Financial Services:0.0833|Information Transmission, Software and Information Technology Services:0.0833|Scientific Research and Technical Services:0.0833",behavior_level1 base;2024 online/offline retail anchor;health retail
"Pharmaceutical, Medical Device and Health Retail",Optical Store,0.42,mixed_offline,medium,high,"8,9,10,11,12,13,14,15,16,17,18,19,20,21",0.55,0.42,0.24,0.34,0.16,0.36,0.23,0.25,family_caregiver|retiree|white_collar,"Public Administration, Social Security and Social Organizations|Health and Social Work|Education","Public Administration, Social Security and Social Organizations:0.3611|Health and Social Work:0.2778|Education:0.1111|Financial Services:0.0833|Information Transmission, Software and Information Technology Services:0.0833|Scientific Research and Technical Services:0.0833",behavior_level1 base;2024 online/offline retail anchor;health retail
"Pharmaceutical, Medical Device and Health Retail",Nutrition and Health Products,0.42,mixed_offline,low_to_medium,high,"8,9,10,11,12,13,14,15,16,17,18,19,20,21",0.55,0.24,0.34,0.42,0.16,0.36,0.23,0.25,family_caregiver|retiree|white_collar,"Public Administration, Social Security and Social Organizations|Health and Social Work|Education","Public Administration, Social Security and Social Organizations:0.3611|Health and Social Work:0.2778|Education:0.1111|Financial Services:0.0833|Information Transmission, Software and Information Technology Services:0.0833|Scientific Research and Technical Services:0.0833",behavior_level1 base;2024 online/offline retail anchor;health retail
Vehicle Energy and Automotive Services,New Energy Charging and Battery Swap Services,0.16,strong_offline,medium,low_to_medium,"7,8,9,10,11,12,13,14,15,16,17,18,19,20,21,22",0.35,0.32,0.52,0.16,0.14,0.36,0.24,0.26,driver|self_employed|business_traveler,"Transport, Storage and Postal Services|Leasing and Business Services|Construction","Transport, Storage and Postal Services:0.2222|Leasing and Business Services:0.2222|Construction:0.1111|Manufacturing:0.1111|Wholesale and Retail Trade:0.1111|Resident Services, Repair and Other Services:0.1111|Financial Services:0.1111",behavior_level1 base;2024 online/offline retail anchor;vehicle/male-skew
Vehicle Energy and Automotive Services,Fuel Supply Services,0.15,strong_offline,low_to_medium,low_to_medium,"7,8,9,10,11,12,13,14,15,16,17,18,19,20,21,22",0.35,0.32,0.52,0.16,0.14,0.36,0.24,0.26,driver|self_employed|business_traveler,"Transport, Storage and Postal Services|Leasing and Business Services|Construction","Transport, Storage and Postal Services:0.2222|Leasing and Business Services:0.2222|Construction:0.1111|Manufacturing:0.1111|Wholesale and Retail Trade:0.1111|Resident Services, Repair and Other Services:0.1111|Financial Services:0.1111",behavior_level1 base;2024 online/offline retail anchor;vehicle/male-skew
Vehicle Energy and Automotive Services,"Vehicle Supplies, Repair and Maintenance",0.16,strong_offline,medium,medium,"7,8,9,10,11,12,13,14,15,16,17,18,19,20,21,22",0.48,0.16,0.58,0.26,0.12,0.34,0.24,0.3,home_owner|family_consumer|self_employed,"Resident Services, Repair and Other Services|Wholesale and Retail Trade|Real Estate","Resident Services, Repair and Other Services:0.2222|Wholesale and Retail Trade:0.1944|Real Estate:0.1111|Construction:0.1111|Leasing and Business Services:0.1111|Education:0.0833|Health and Social Work:0.0833|Public Administration, Social Security and Social Organizations:0.0833",behavior_level1 base;2024 online/offline retail anchor;vehicle/male-skew;home/property
"Telecommunications, Logistics and Digital Infrastructure Services",Internet Data Services,0.78,strong_online,low_to_medium,high,"9,10,11,12,13,14,15,16,17,18,19,20,21,22,23",0.45,0.66,0.28,0.06,0.06,0.22,0.24,0.48,digital_worker|white_collar|student,"Education|Information Transmission, Software and Information Technology Services|Scientific Research and Technical Services","Education:0.3333|Information Transmission, Software and Information Technology Services:0.2500|Scientific Research and Technical Services:0.2500|Financial Services:0.0833|Public Administration, Social Security and Social Organizations:0.0833",behavior_level1 base;2024 online/offline retail anchor;digital/online keyword
"Telecommunications, Logistics and Digital Infrastructure Services",Information Search and Online Forums,0.78,strong_online,low,medium,"9,10,11,12,13,14,15,16,17,18,19,20,21,22,23",0.45,0.66,0.28,0.06,0.06,0.22,0.24,0.48,digital_worker|white_collar|student,"Education|Information Transmission, Software and Information Technology Services|Scientific Research and Technical Services","Education:0.3333|Information Transmission, Software and Information Technology Services:0.2500|Scientific Research and Technical Services:0.2500|Financial Services:0.0833|Public Administration, Social Security and Social Organizations:0.0833",behavior_level1 base;2024 online/offline retail anchor;digital/online keyword
"Telecommunications, Logistics and Digital Infrastructure Services",Express Delivery and Logistics Services,0.68,mixed_online,low,low,"8,9,10,11,12,13,14,15,16,17,18,19,20,21,22,23",0.44,0.56,0.34,0.1,0.1,0.26,0.24,0.4,white_collar|digital_worker|self_employed,"Information Transmission, Software and Information Technology Services|Scientific Research and Technical Services|Wholesale and Retail Trade","Information Transmission, Software and Information Technology Services:0.2500|Scientific Research and Technical Services:0.2500|Wholesale and Retail Trade:0.1111|Leasing and Business Services:0.1111|Resident Services, Repair and Other Services:0.1111|Financial Services:0.0833|Public Administration, Social Security and Social Organizations:0.0833",behavior_level1 base;2024 online/offline retail anchor
"Telecommunications, Logistics and Digital Infrastructure Services",Software Development Services,0.78,strong_online,high,medium,"9,10,11,12,13,14,15,16,17,18,19,20,21,22,23",0.45,0.66,0.28,0.06,0.06,0.22,0.24,0.48,digital_worker|white_collar|student,"Education|Information Transmission, Software and Information Technology Services|Scientific Research and Technical Services","Education:0.3333|Information Transmission, Software and Information Technology Services:0.2500|Scientific Research and Technical Services:0.2500|Financial Services:0.0833|Public Administration, Social Security and Social Organizations:0.0833",behavior_level1 base;2024 online/offline retail anchor;digital/online keyword
"Telecommunications, Logistics and Digital Infrastructure Services",Telecom Payment and Operator Services,0.68,mixed_online,low,low,"8,9,10,11,12,13,14,15,16,17,18,19,20,21,22,23",0.44,0.56,0.34,0.1,0.1,0.26,0.24,0.4,white_collar|digital_worker|self_employed,"Information Transmission, Software and Information Technology Services|Scientific Research and Technical Services|Wholesale and Retail Trade","Information Transmission, Software and Information Technology Services:0.2500|Scientific Research and Technical Services:0.2500|Wholesale and Retail Trade:0.1111|Leasing and Business Services:0.1111|Resident Services, Repair and Other Services:0.1111|Financial Services:0.0833|Public Administration, Social Security and Social Organizations:0.0833",behavior_level1 base;2024 online/offline retail anchor
"Telecommunications, Logistics and Digital Infrastructure Services",Basic Postal Services,0.68,mixed_online,low_to_medium,medium,"8,9,10,11,12,13,14,15,16,17,18,19,20,21,22,23",0.44,0.56,0.34,0.1,0.1,0.26,0.24,0.4,white_collar|digital_worker|self_employed,"Information Transmission, Software and Information Technology Services|Scientific Research and Technical Services|Wholesale and Retail Trade","Information Transmission, Software and Information Technology Services:0.2500|Scientific Research and Technical Services:0.2500|Wholesale and Retail Trade:0.1111|Leasing and Business Services:0.1111|Resident Services, Repair and Other Services:0.1111|Financial Services:0.0833|Public Administration, Social Security and Social Organizations:0.0833",behavior_level1 base;2024 online/offline retail anchor
"Hotels, Scenic Attractions and Tourism Services",Direct Tourism-Related Services,0.62,mixed_online,high,high,"6,7,8,9,10,11,12,13,14,15,16,17,18,19,20,21,22,23",0.5,0.42,0.44,0.14,0.08,0.26,0.24,0.42,tourist|business_traveler|white_collar,"Transport, Storage and Postal Services|Financial Services|Accommodation and Food Services","Transport, Storage and Postal Services:0.2222|Financial Services:0.1944|Accommodation and Food Services:0.1111|Culture, Sports and Entertainment:0.1111|Leasing and Business Services:0.1111|Information Transmission, Software and Information Technology Services:0.0833|Scientific Research and Technical Services:0.0833|Public Administration, Social Security and Social Organizations:0.0833",behavior_level1 base;2024 online/offline retail anchor;travel booking
"Hotels, Scenic Attractions and Tourism Services",Travel Agencies and Tourism Services,0.62,mixed_online,high,high,"6,7,8,9,10,11,12,13,14,15,16,17,18,19,20,21,22,23",0.5,0.42,0.44,0.14,0.08,0.26,0.24,0.42,tourist|business_traveler|white_collar,"Transport, Storage and Postal Services|Financial Services|Accommodation and Food Services","Transport, Storage and Postal Services:0.2222|Financial Services:0.1944|Accommodation and Food Services:0.1111|Culture, Sports and Entertainment:0.1111|Leasing and Business Services:0.1111|Information Transmission, Software and Information Technology Services:0.0833|Scientific Research and Technical Services:0.0833|Public Administration, Social Security and Social Organizations:0.0833",behavior_level1 base;2024 online/offline retail anchor;travel booking
"Hotels, Scenic Attractions and Tourism Services",Scenic Attractions,0.28,strong_offline,medium,high,"8,9,10,11,12,13,14,15,16,17,18,19,20,21",0.5,0.46,0.4,0.14,0.12,0.3,0.24,0.34,tourist|family_consumer|student,"Education|Accommodation and Food Services|Transport, Storage and Postal Services","Education:0.4167|Accommodation and Food Services:0.1111|Transport, Storage and Postal Services:0.1111|Culture, Sports and Entertainment:0.1111|Health and Social Work:0.0833|Public Administration, Social Security and Social Organizations:0.0833|Wholesale and Retail Trade:0.0833",behavior_level1 base;2024 online/offline retail anchor;offline attraction
"Hotels, Scenic Attractions and Tourism Services",Scenic Attraction Touring Services,0.28,strong_offline,medium,high,"8,9,10,11,12,13,14,15,16,17,18,19,20,21",0.5,0.46,0.4,0.14,0.12,0.3,0.24,0.34,tourist|family_consumer|student,"Education|Accommodation and Food Services|Transport, Storage and Postal Services","Education:0.4167|Accommodation and Food Services:0.1111|Transport, Storage and Postal Services:0.1111|Culture, Sports and Entertainment:0.1111|Health and Social Work:0.0833|Public Administration, Social Security and Social Organizations:0.0833|Wholesale and Retail Trade:0.0833",behavior_level1 base;2024 online/offline retail anchor;offline attraction
"Hotels, Scenic Attractions and Tourism Services","Hotels, Inns and Homestays",0.62,mixed_online,high,high,"6,7,8,9,10,11,12,13,14,15,16,17,18,19,20,21,22,23",0.5,0.42,0.44,0.14,0.08,0.26,0.24,0.42,tourist|business_traveler|white_collar,"Transport, Storage and Postal Services|Financial Services|Accommodation and Food Services","Transport, Storage and Postal Services:0.2222|Financial Services:0.1944|Accommodation and Food Services:0.1111|Culture, Sports and Entertainment:0.1111|Leasing and Business Services:0.1111|Information Transmission, Software and Information Technology Services:0.0833|Scientific Research and Technical Services:0.0833|Public Administration, Social Security and Social Organizations:0.0833",behavior_level1 base;2024 online/offline retail anchor;travel booking
Long-Distance Travel Transport,Water Sightseeing Transport,0.62,mixed_online,medium,medium,"6,7,8,9,10,11,12,13,14,15,16,17,18,19,20,21,22,23",0.5,0.42,0.44,0.14,0.08,0.26,0.24,0.42,tourist|business_traveler|white_collar,"Transport, Storage and Postal Services|Financial Services|Accommodation and Food Services","Transport, Storage and Postal Services:0.2222|Financial Services:0.1944|Accommodation and Food Services:0.1111|Culture, Sports and Entertainment:0.1111|Leasing and Business Services:0.1111|Information Transmission, Software and Information Technology Services:0.0833|Scientific Research and Technical Services:0.0833|Public Administration, Social Security and Social Organizations:0.0833",behavior_level1 base;2024 online/offline retail anchor;travel booking
Long-Distance Travel Transport,Car Rental,0.62,mixed_online,low,low,"6,7,8,9,10,11,12,13,14,15,16,17,18,19,20,21,22,23",0.35,0.32,0.52,0.16,0.14,0.36,0.24,0.26,driver|self_employed|business_traveler,"Transport, Storage and Postal Services|Leasing and Business Services|Construction","Transport, Storage and Postal Services:0.2222|Leasing and Business Services:0.2222|Construction:0.1111|Manufacturing:0.1111|Wholesale and Retail Trade:0.1111|Resident Services, Repair and Other Services:0.1111|Financial Services:0.1111",behavior_level1 base;2024 online/offline retail anchor;vehicle/male-skew
Long-Distance Travel Transport,Air Travel Services,0.62,mixed_online,high,high,"6,7,8,9,10,11,12,13,14,15,16,17,18,19,20,21,22,23",0.5,0.42,0.44,0.14,0.08,0.26,0.24,0.42,tourist|business_traveler|white_collar,"Transport, Storage and Postal Services|Financial Services|Accommodation and Food Services","Transport, Storage and Postal Services:0.2222|Financial Services:0.1944|Accommodation and Food Services:0.1111|Culture, Sports and Entertainment:0.1111|Leasing and Business Services:0.1111|Information Transmission, Software and Information Technology Services:0.0833|Scientific Research and Technical Services:0.0833|Public Administration, Social Security and Social Organizations:0.0833",behavior_level1 base;2024 online/offline retail anchor;travel booking
Long-Distance Travel Transport,Long-Distance Ground Travel,0.62,mixed_online,medium,high,"6,7,8,9,10,11,12,13,14,15,16,17,18,19,20,21,22,23",0.5,0.42,0.44,0.14,0.08,0.26,0.24,0.42,tourist|business_traveler|white_collar,"Transport, Storage and Postal Services|Financial Services|Accommodation and Food Services","Transport, Storage and Postal Services:0.2222|Financial Services:0.1944|Accommodation and Food Services:0.1111|Culture, Sports and Entertainment:0.1111|Leasing and Business Services:0.1111|Information Transmission, Software and Information Technology Services:0.0833|Scientific Research and Technical Services:0.0833|Public Administration, Social Security and Social Organizations:0.0833",behavior_level1 base;2024 online/offline retail anchor;travel booking
Long-Distance Travel Transport,Expressway Toll and Service Areas,0.15,strong_offline,low_to_medium,low_to_medium,"6,7,8,9,10,11,12,13,14,15,16,17,18,19,20,21,22,23",0.35,0.32,0.52,0.16,0.14,0.36,0.24,0.26,driver|self_employed|business_traveler,"Transport, Storage and Postal Services|Leasing and Business Services|Construction","Transport, Storage and Postal Services:0.2222|Leasing and Business Services:0.2222|Construction:0.1111|Manufacturing:0.1111|Wholesale and Retail Trade:0.1111|Resident Services, Repair and Other Services:0.1111|Financial Services:0.1111",behavior_level1 base;2024 online/offline retail anchor;vehicle/male-skew
"Food, Tobacco and Liquor Retail",Convenience Store,0.18,strong_offline,low,low,"7,8,9,10,11,12,13,14,15,16,17,18,19,20,21,22",0.5,0.43,0.34,0.23,0.22,0.4,0.2,0.18,family_consumer|service_worker|retiree,"Health and Social Work|Public Administration, Social Security and Social Organizations|Wholesale and Retail Trade","Health and Social Work:0.2500|Public Administration, Social Security and Social Organizations:0.2500|Wholesale and Retail Trade:0.1944|Accommodation and Food Services:0.1111|Resident Services, Repair and Other Services:0.1111|Education:0.0833",behavior_level1 base;2024 online/offline retail anchor;daily retail
"Food, Tobacco and Liquor Retail","Tobacco, Liquor and Tea Retail",0.26,strong_offline,high,high,"7,8,9,10,11,12,13,14,15,16,17,18,19,20,21,22",0.48,0.2,0.5,0.3,0.22,0.4,0.2,0.18,family_consumer|service_worker|retiree,"Health and Social Work|Public Administration, Social Security and Social Organizations|Wholesale and Retail Trade","Health and Social Work:0.2500|Public Administration, Social Security and Social Organizations:0.2500|Wholesale and Retail Trade:0.1944|Accommodation and Food Services:0.1111|Resident Services, Repair and Other Services:0.1111|Education:0.0833",behavior_level1 base;2024 online/offline retail anchor;daily retail
"Food, Tobacco and Liquor Retail",Fresh Produce Retail,0.26,strong_offline,low_to_medium,low_to_medium,"7,8,9,10,11,12,13,14,15,16,17,18,19,20,21,22",0.5,0.3,0.4,0.3,0.22,0.4,0.2,0.18,family_consumer|service_worker|retiree,"Health and Social Work|Public Administration, Social Security and Social Organizations|Wholesale and Retail Trade","Health and Social Work:0.2500|Public Administration, Social Security and Social Organizations:0.2500|Wholesale and Retail Trade:0.1944|Accommodation and Food Services:0.1111|Resident Services, Repair and Other Services:0.1111|Education:0.0833",behavior_level1 base;2024 online/offline retail anchor;daily retail
"Food, Tobacco and Liquor Retail",Supermarket and Hypermarket,0.26,strong_offline,medium,medium,"7,8,9,10,11,12,13,14,15,16,17,18,19,20,21,22",0.5,0.34,0.43,0.23,0.22,0.4,0.2,0.18,family_consumer|service_worker|retiree,"Health and Social Work|Public Administration, Social Security and Social Organizations|Wholesale and Retail Trade","Health and Social Work:0.2500|Public Administration, Social Security and Social Organizations:0.2500|Wholesale and Retail Trade:0.1944|Accommodation and Food Services:0.1111|Resident Services, Repair and Other Services:0.1111|Education:0.0833",behavior_level1 base;2024 online/offline retail anchor;daily retail
"Food, Tobacco and Liquor Retail",Specialty Food Retail,0.26,strong_offline,low_to_medium,low_to_medium,"7,8,9,10,11,12,13,14,15,16,17,18,19,20,21,22",0.5,0.4,0.35,0.35,0.22,0.4,0.2,0.18,family_consumer|service_worker|retiree,"Health and Social Work|Public Administration, Social Security and Social Organizations|Wholesale and Retail Trade","Health and Social Work:0.2500|Public Administration, Social Security and Social Organizations:0.2500|Wholesale and Retail Trade:0.1944|Accommodation and Food Services:0.1111|Resident Services, Repair and Other Services:0.1111|Education:0.0833",behavior_level1 base;2024 online/offline retail anchor;daily retail
Food and Beverage Services,Cafeteria and Group Dining,0.18,strong_offline,low_to_medium,low,"7,8,11,12,13,17,18,19,20",0.5,0.45,0.38,0.17,0.22,0.38,0.2,0.2,white_collar|service_worker|family_consumer,"Wholesale and Retail Trade|Public Administration, Social Security and Social Organizations|Accommodation and Food Services","Wholesale and Retail Trade:0.1944|Public Administration, Social Security and Social Organizations:0.1667|Accommodation and Food Services:0.1111|Resident Services, Repair and Other Services:0.1111|Financial Services:0.0833|Information Transmission, Software and Information Technology Services:0.0833|Scientific Research and Technical Services:0.0833|Education:0.0833|Health and Social Work:0.0833",behavior_level1 base;2024 online/offline retail anchor
Food and Beverage Services,Nightlife Bar and Dining,0.18,strong_offline,medium,medium,"20,21,22,23,0,1,2,3",0.45,0.68,0.26,0.06,0.22,0.38,0.2,0.2,student|white_collar|service_worker,"Education|Accommodation and Food Services|Resident Services, Repair and Other Services","Education:0.3333|Accommodation and Food Services:0.1111|Resident Services, Repair and Other Services:0.1111|Wholesale and Retail Trade:0.1111|Financial Services:0.0833|Information Transmission, Software and Information Technology Services:0.0833|Scientific Research and Technical Services:0.0833|Public Administration, Social Security and Social Organizations:0.0833",behavior_level1 base;2024 online/offline retail anchor;night entertainment
Food and Beverage Services,Banquet and Large-Scale Catering,0.18,strong_offline,high,high,"7,8,11,12,13,17,18,19,20,21",0.5,0.45,0.38,0.17,0.22,0.38,0.2,0.2,white_collar|service_worker|family_consumer,"Wholesale and Retail Trade|Public Administration, Social Security and Social Organizations|Accommodation and Food Services","Wholesale and Retail Trade:0.1944|Public Administration, Social Security and Social Organizations:0.1667|Accommodation and Food Services:0.1111|Resident Services, Repair and Other Services:0.1111|Financial Services:0.0833|Information Transmission, Software and Information Technology Services:0.0833|Scientific Research and Technical Services:0.0833|Education:0.0833|Health and Social Work:0.0833",behavior_level1 base;2024 online/offline retail anchor
Food and Beverage Services,Fast Food and Snacks,0.18,strong_offline,low_to_medium,medium,"7,8,11,12,13,17,18,19,20,21,22",0.5,0.45,0.38,0.17,0.22,0.38,0.2,0.2,white_collar|service_worker|family_consumer,"Wholesale and Retail Trade|Public Administration, Social Security and Social Organizations|Accommodation and Food Services","Wholesale and Retail Trade:0.1944|Public Administration, Social Security and Social Organizations:0.1667|Accommodation and Food Services:0.1111|Resident Services, Repair and Other Services:0.1111|Financial Services:0.0833|Information Transmission, Software and Information Technology Services:0.0833|Scientific Research and Technical Services:0.0833|Education:0.0833|Health and Social Work:0.0833",behavior_level1 base;2024 online/offline retail anchor
Food and Beverage Services,Full-Service Restaurant,0.18,strong_offline,low_to_medium,medium,"7,8,11,12,13,17,18,19,20,21,22",0.5,0.45,0.38,0.17,0.22,0.38,0.2,0.2,white_collar|service_worker|family_consumer,"Wholesale and Retail Trade|Public Administration, Social Security and Social Organizations|Accommodation and Food Services","Wholesale and Retail Trade:0.1944|Public Administration, Social Security and Social Organizations:0.1667|Accommodation and Food Services:0.1111|Resident Services, Repair and Other Services:0.1111|Financial Services:0.0833|Information Transmission, Software and Information Technology Services:0.0833|Scientific Research and Technical Services:0.0833|Education:0.0833|Health and Social Work:0.0833",behavior_level1 base;2024 online/offline retail anchor
Food and Beverage Services,"Beverages, Bakery and Coffee",0.18,strong_offline,low,medium,"7,8,11,12,13,17,18,19,20,21",0.5,0.45,0.38,0.17,0.22,0.38,0.2,0.2,white_collar|service_worker|family_consumer,"Wholesale and Retail Trade|Public Administration, Social Security and Social Organizations|Accommodation and Food Services","Wholesale and Retail Trade:0.1944|Public Administration, Social Security and Social Organizations:0.1667|Accommodation and Food Services:0.1111|Resident Services, Repair and Other Services:0.1111|Financial Services:0.0833|Information Transmission, Software and Information Technology Services:0.0833|Scientific Research and Technical Services:0.0833|Education:0.0833|Health and Social Work:0.0833",behavior_level1 base;2024 online/offline retail anchor
High-Value Goods and Professional Services,Recruitment Services,0.5,mixed_offline,medium,medium,"9,10,11,12,13,14,15,16,17,18,19,20",0.48,0.18,0.62,0.2,0.04,0.18,0.24,0.54,professional|manager|business_owner,Financial Services|Leasing and Business Services|Scientific Research and Technical Services,"Financial Services:0.2222|Leasing and Business Services:0.2222|Scientific Research and Technical Services:0.1111|Information Transmission, Software and Information Technology Services:0.1111|Public Administration, Social Security and Social Organizations:0.1111|Wholesale and Retail Trade:0.1111|Real Estate:0.1111",behavior_level1 base;2024 online/offline retail anchor;professional service
High-Value Goods and Professional Services,Accounting and Financial Consulting Services,0.5,mixed_offline,medium,medium,"9,10,11,12,13,14,15,16,17,18,19,20",0.48,0.18,0.62,0.2,0.04,0.18,0.24,0.54,professional|manager|business_owner,Financial Services|Leasing and Business Services|Scientific Research and Technical Services,"Financial Services:0.2222|Leasing and Business Services:0.2222|Scientific Research and Technical Services:0.1111|Information Transmission, Software and Information Technology Services:0.1111|Public Administration, Social Security and Social Organizations:0.1111|Wholesale and Retail Trade:0.1111|Real Estate:0.1111",behavior_level1 base;2024 online/offline retail anchor;professional service
High-Value Goods and Professional Services,Online Tools,0.78,strong_online,low,low,"9,10,11,12,13,14,15,16,17,18,19,20,21,22,23",0.48,0.66,0.28,0.06,0.06,0.22,0.24,0.48,digital_worker|white_collar|student,"Education|Information Transmission, Software and Information Technology Services|Scientific Research and Technical Services","Education:0.3333|Information Transmission, Software and Information Technology Services:0.2500|Scientific Research and Technical Services:0.2500|Financial Services:0.0833|Public Administration, Social Security and Social Organizations:0.0833",behavior_level1 base;2024 online/offline retail anchor;digital/online keyword
High-Value Goods and Professional Services,Wedding and Photography Services,0.5,mixed_offline,medium,medium,"9,10,11,12,13,14,15,16,17,18,19,20",0.6,0.48,0.42,0.1,0.1,0.28,0.25,0.37,white_collar|family_consumer|self_employed,"Wholesale and Retail Trade|Public Administration, Social Security and Social Organizations|Leasing and Business Services","Wholesale and Retail Trade:0.1944|Public Administration, Social Security and Social Organizations:0.1667|Leasing and Business Services:0.1111|Resident Services, Repair and Other Services:0.1111|Financial Services:0.0833|Information Transmission, Software and Information Technology Services:0.0833|Scientific Research and Technical Services:0.0833|Education:0.0833|Health and Social Work:0.0833",behavior_level1 base;2024 online/offline retail anchor;occasion/lifestyle
High-Value Goods and Professional Services,"Advertising, Exhibition and Printing Services",0.5,mixed_offline,low,medium,"9,10,11,12,13,14,15,16,17,18,19,20",0.48,0.18,0.62,0.2,0.04,0.18,0.24,0.54,professional|manager|business_owner,Financial Services|Leasing and Business Services|Scientific Research and Technical Services,"Financial Services:0.2222|Leasing and Business Services:0.2222|Scientific Research and Technical Services:0.1111|Information Transmission, Software and Information Technology Services:0.1111|Public Administration, Social Security and Social Organizations:0.1111|Wholesale and Retail Trade:0.1111|Real Estate:0.1111",behavior_level1 base;2024 online/offline retail anchor;professional service
High-Value Goods and Professional Services,Legal Services,0.5,mixed_offline,medium,high,"9,10,11,12,13,14,15,16,17,18,19,20",0.48,0.18,0.62,0.2,0.04,0.18,0.24,0.54,professional|manager|business_owner,Financial Services|Leasing and Business Services|Scientific Research and Technical Services,"Financial Services:0.2222|Leasing and Business Services:0.2222|Scientific Research and Technical Services:0.1111|Information Transmission, Software and Information Technology Services:0.1111|Public Administration, Social Security and Social Organizations:0.1111|Wholesale and Retail Trade:0.1111|Real Estate:0.1111",behavior_level1 base;2024 online/offline retail anchor;professional service
High-Value Goods and Professional Services,High-Value Jewelry and Accessories,0.5,mixed_offline,high,high,"9,10,11,12,13,14,15,16,17,18,19,20",0.52,0.2,0.58,0.22,0.08,0.22,0.25,0.45,manager|professional|business_owner,"Financial Services|Leasing and Business Services|Public Administration, Social Security and Social Organizations","Financial Services:0.2222|Leasing and Business Services:0.2222|Public Administration, Social Security and Social Organizations:0.1111|Scientific Research and Technical Services:0.1111|Information Transmission, Software and Information Technology Services:0.1111|Wholesale and Retail Trade:0.1111|Real Estate:0.1111",behavior_level1 base;2024 online/offline retail anchor
