Region,65+ Relative Level
Beijing,98.52%
Tianjin,109.33%
Hebei,103.19%
Shanxi,95.63%
Inner Mongolia,96.74%
Liaoning,129.04%
Jilin,115.63%
Heilongjiang,115.63%
Shanghai,120.59%
Jiangsu,120.00%
Zhejiang,98.22%
Anhui,111.19%
Fujian,82.22%
Jiangxi,88.00%
Shandong,112.07%
Henan,99.85%
Hubei,108.07%
Hunan,109.70%
Guangdong,63.56%
Guangxi,90.30%
Hainan,77.33%
Chongqing,126.44%
Sichuan,125.41%
Guizhou,85.56%
Yunnan,79.56%
Tibet,42.00%
Shaanxi,98.74%
Gansu,93.19%
Qinghai,64.30%
Ningxia,71.26%
Xinjiang,57.48%
