Region,Junior College and Above,Senior Secondary School,Junior Secondary School,Primary School
Beijing,44.96%,18.84%,24.95%,11.25%
Tianjin,28.95%,19.04%,34.67%,17.34%
Hebei,13.66%,15.25%,43.96%,27.13%
Shanxi,18.80%,17.87%,42.20%,21.13%
Inner Mongolia,20.53%,16.28%,37.22%,25.97%
Liaoning,19.27%,15.52%,45.26%,19.96%
Jilin,17.75%,18.10%,40.51%,23.65%
Heilongjiang,15.58%,16.34%,45.07%,23.02%
Shanghai,36.11%,20.28%,30.87%,12.74%
Jiangsu,20.53%,17.81%,36.64%,25.01%
Zhejiang,18.74%,16.06%,36.08%,29.11%
Anhui,15.23%,15.25%,38.69%,30.83%
Fujian,15.98%,16.03%,36.36%,31.63%
Jiangxi,13.22%,16.81%,39.42%,30.55%
Shandong,16.31%,16.25%,40.57%,26.87%
Henan,13.19%,17.11%,42.13%,27.57%
Hubei,17.08%,19.20%,37.79%,25.92%
Hunan,13.47%,19.56%,39.22%,27.75%
Guangdong,17.43%,20.24%,39.39%,22.95%
Guangxi,12.28%,14.73%,41.34%,31.64%
Hainan,15.54%,17.43%,44.95%,22.09%
Chongqing,16.79%,17.36%,33.30%,32.55%
Sichuan,14.85%,14.89%,35.20%,35.05%
Guizhou,13.14%,11.96%,36.58%,38.33%
Yunnan,13.37%,11.90%,33.66%,41.07%
Tibet,16.67%,10.83%,23.75%,48.75%
Shaanxi,20.52%,17.39%,37.91%,24.19%
Gansu,17.13%,15.29%,32.37%,35.21%
Qinghai,18.00%,12.88%,29.45%,39.67%
Ningxia,20.03%,15.54%,34.29%,30.13%
Xinjiang,18.42%,14.71%,35.20%,31.67%
