Region,Male,Female
Beijing,51.14%,48.86%
Tianjin,51.52%,48.48%
Hebei,50.50%,49.50%
Shanxi,51.00%,49.00%
Inner Mongolia,51.06%,48.94%
Liaoning,49.92%,50.08%
Jilin,49.92%,50.08%
Heilongjiang,50.08%,49.92%
Shanghai,51.77%,48.23%
Jiangsu,50.77%,49.23%
Zhejiang,52.16%,47.84%
Anhui,50.97%,49.03%
Fujian,51.69%,48.31%
Jiangxi,51.60%,48.40%
Shandong,50.66%,49.34%
Henan,50.15%,49.85%
Hubei,51.41%,48.59%
Hunan,51.17%,48.83%
Guangdong,53.07%,46.93%
Guangxi,51.71%,48.29%
Hainan,53.02%,46.98%
Chongqing,50.55%,49.45%
Sichuan,50.54%,49.46%
Guizhou,51.10%,48.90%
Yunnan,51.73%,48.27%
Tibet,52.47%,47.53%
Shaanxi,51.18%,48.82%
Gansu,50.76%,49.24%
Qinghai,51.18%,48.82%
Ningxia,50.97%,49.03%
Xinjiang,51.64%,48.36%
