Region,"Agriculture, Forestry, Animal Husbandry and Fishery",Mining,Manufacturing,"Production and Supply of Electricity, Heat, Gas and Water",Construction,"Wholesale and Retail Trade","Transport, Storage and Postal Services","Accommodation and Food Services","Information Transmission, Software and Information Technology Services","Financial Services",Real Estate,"Leasing and Business Services","Scientific Research and Technical Services","Water Conservancy, Environment and Public Facilities Management","Resident Services, Repair and Other Services",Education,"Health and Social Work","Culture, Sports and Entertainment","Public Administration, Social Security and Social Organizations"
Beijing,1.2,3.1,59.8,9.5,45.4,52.9,56,26.8,92.3,62.8,45,62.3,58.2,11.6,5.9,58,31.6,17.9,39.7
Tianjin,0.3,5.7,65.1,4.1,23,18.2,14.7,5.6,7,18,9.2,13.6,11.4,3.3,6.3,19.3,11.7,1.7,17.3
Hebei,2.5,16,98.5,18.7,41.2,20.4,27.3,4.3,10.4,36.4,11.8,15,15.7,9.7,2.3,83,45.3,5.2,97.5
Shanxi,1.3,82.6,57.9,15.7,28.9,13.7,23.5,3.7,5.2,27.2,5.7,11.4,7.9,7.6,1.1,54.7,26.1,4.6,63.8
Inner Mongolia,7.5,11.3,31.2,16,10.2,7.8,19.7,2.4,4.6,21.2,5.3,5.4,6.3,4.2,0.6,36,19.5,3.2,58.2
Liaoning,7.7,18.6,102.4,15.3,28.3,17.7,30.6,4.9,13.9,32.2,12,14.5,10.5,8.3,1.6,52.7,33.3,4.4,67.9
Jilin,5.1,7.4,45.4,9.5,13.3,9.3,16.5,1.9,4.4,21.1,5.4,5.1,7.3,5.7,1.8,35.9,21.2,3,38.4
Heilongjiang,20.1,23.6,28,13.9,14.7,10.9,23.4,1.4,8.6,24.3,5.4,12.4,5.6,6.5,1.2,39.8,26.5,2.5,47.7
Shanghai,0.9,0.1,130.5,3.4,28.5,89,47.8,26.3,44.8,29.7,28.5,68.9,32.1,10.2,11.1,38.1,29.6,6,20
Jiangsu,2.3,5.3,454.1,14.3,282.5,57.8,45.5,19.7,32.8,40.4,29.8,45.7,26.6,13.7,5.2,108.8,59.9,8.9,89
Zhejiang,0.6,0.5,309.4,13,198,41.4,35.2,14.7,28.3,48.2,28.8,37.5,19.6,11.6,4.2,90.9,53.2,7.9,82.9
Anhui,3,13.6,127.3,10.1,105.8,23.5,20.8,5.8,9.7,27.5,15.6,18.6,11.1,7.1,2,66,35.1,3.5,59.6
Fujian,1.1,1.6,162.1,10.9,136.9,24.1,22.8,8.8,10.3,26.6,16.9,18.3,8.4,7.4,3.6,63.5,26.5,4.2,51.8
Jiangxi,2.5,2.9,108.7,9.6,79.5,16,18.6,3.7,5.5,18,9.9,7.4,7.1,5.7,1,61.6,28.4,3.3,62.2
Shandong,1.3,28.5,273.3,28.3,139.6,44.4,47.6,11.3,19.9,65.7,27.6,23.5,20.5,17.7,3,129.1,73,7.5,136.5
Henan,2.2,27.5,215.6,23.8,148.3,35.2,42.1,7.7,18.3,27,29.3,23.9,18.4,15.2,2.9,129.6,69,7.5,121.2
Hubei,1.9,2.7,130,14.5,104.3,31.5,29.2,9,16.4,23.8,18.7,19.6,17.1,8.7,2.1,75.3,44.2,6.1,76.2
Hunan,1.8,4.5,96.7,15.4,103.6,23.2,25.6,6.3,8.5,31.2,16.2,12.8,13.3,9.6,2.5,91.7,46.5,6.2,89.3
Guangdong,2.2,1.4,819.1,26.9,127.8,105.4,83.1,39.3,74,95.3,90.1,118.6,47.8,20.4,11.6,169.8,90.6,12.5,149.4
Guangxi,2.6,0.8,51.2,11.6,67,12.8,18.6,4.1,5.9,19.5,9.4,13.4,8.6,7.1,0.9,76.7,38.1,2.9,59.2
Hainan,4.4,0.5,7.2,2.2,5.7,6.5,7.8,5.2,2.4,8.1,8.4,3.1,2.5,4.4,0.9,15.2,7.6,1.6,14.9
Chongqing,0.4,3,67.1,6.2,71.2,19,21.3,4.2,5.9,28,14.9,12.3,7.7,3.8,0.8,41.4,21.5,2.7,39.3
Sichuan,2.5,13.6,139.4,23.2,151.4,31.9,34.6,16.3,23.7,37.9,29.7,28.5,20.4,11,3.4,114.2,62.2,6.3,111.5
Guizhou,1,12.2,28.8,9.5,43.9,12.4,13.2,2.7,4.6,14.8,10.6,7.2,5.5,5,1.8,57.9,27.8,2.4,74
Yunnan,2.6,5.7,40.3,11.3,33.7,14.4,16.2,4.9,5.3,11.9,10.2,11.7,9.6,6.4,1.5,68.5,33.6,3.8,66.6
Tibet,0.3,0.7,1.7,1.1,3.5,2.5,2.1,0.8,1.1,1.1,0.6,1.8,1,0.6,0.2,5.1,1.9,0.7,14.8
Shaanxi,1.6,28.9,75.7,13.1,54.6,21.9,28.8,8.7,14,26.6,13.8,11.9,13.5,9.3,1.5,64.9,33.8,5.6,61.5
Gansu,1.9,7.2,28.3,10.7,33.1,8.5,13.2,3,3.6,14.3,6.7,4.2,7.3,4.5,0.9,40.8,19.3,2.9,51.7
Qinghai,0.7,3,8.6,2.2,4.2,2.2,5.1,0.5,0.9,2.9,1.5,1.3,2,1.1,0.1,8.4,5.5,0.8,15.2
Ningxia,0.6,6.1,9.3,4.2,3.2,2.3,3.7,0.4,0.8,4.2,1.5,1,1.7,1.6,0,10.3,5.6,1,11.7
Xinjiang,1.8,13.5,32.8,11.4,21.8,10.2,17.6,2.3,4,13.1,6.4,12.6,6.7,6.7,0.6,51.6,23.8,2.7,83.5
